h0,h1,1
h0,h2,2
h0,h3,3
h0,h4,4
h0,h5,5
h0,h6,6
h0,h7,7
h0,h8,8
h0,h9,9
h0,h10,10
h0,h11,11
h0,h12,12
h0,h13,13
h0,h14,14
h0,h15,15
h1,h0,16
h1,h2,18
h1,h3,19
h1,h4,20
h1,h5,21
h1,h6,22
h1,h7,23
h1,h8,24
h1,h9,25
h1,h10,26
h1,h11,27
h1,h12,28
h1,h13,29
h1,h14,30
h1,h15,31
h2,h0,32
h2,h1,33
h2,h3,35
h2,h4,36
h2,h5,37
h2,h6,38
h2,h7,39
h2,h8,40
h2,h9,41
h2,h10,42
h2,h11,43
h2,h12,44
h2,h13,45
h2,h14,46
h2,h15,47
h3,h0,48
h3,h1,49
h3,h2,50
h3,h4,52
h3,h5,53
h3,h6,54
h3,h7,55
h3,h8,56
h3,h9,57
h3,h10,58
h3,h11,59
h3,h12,60
h3,h13,61
h3,h14,62
h3,h15,63
h4,h0,64
h4,h1,65
h4,h2,66
h4,h3,67
h4,h5,69
h4,h6,70
h4,h7,71
h4,h8,72
h4,h9,73
h4,h10,74
h4,h11,75
h4,h12,76
h4,h13,77
h4,h14,78
h4,h15,79
h5,h0,80
h5,h1,81
h5,h2,82
h5,h3,83
h5,h4,84
h5,h6,86
h5,h7,87
h5,h8,88
h5,h9,89
h5,h10,90
h5,h11,91
h5,h12,92
h5,h13,93
h5,h14,94
h5,h15,95
h6,h0,96
h6,h1,97
h6,h2,98
h6,h3,99
h6,h4,100
h6,h5,101
h6,h7,103
h6,h8,104
h6,h9,105
h6,h10,106
h6,h11,107
h6,h12,108
h6,h13,109
h6,h14,110
h6,h15,111
h7,h0,112
h7,h1,113
h7,h2,114
h7,h3,115
h7,h4,116
h7,h5,117
h7,h6,118
h7,h8,120
h7,h9,121
h7,h10,122
h7,h11,123
h7,h12,124
h7,h13,125
h7,h14,126
h7,h15,127
h8,h0,128
h8,h1,129
h8,h2,130
h8,h3,131
h8,h4,132
h8,h5,133
h8,h6,134
h8,h7,135
h8,h9,137
h8,h10,138
h8,h11,139
h8,h12,140
h8,h13,141
h8,h14,142
h8,h15,143
h9,h0,144
h9,h1,145
h9,h2,146
h9,h3,147
h9,h4,148
h9,h5,149
h9,h6,150
h9,h7,151
h9,h8,152
h9,h10,154
h9,h11,155
h9,h12,156
h9,h13,157
h9,h14,158
h9,h15,159
h10,h0,160
h10,h1,161
h10,h2,162
h10,h3,163
h10,h4,164
h10,h5,165
h10,h6,166
h10,h7,167
h10,h8,168
h10,h9,169
h10,h11,171
h10,h12,172
h10,h13,173
h10,h14,174
h10,h15,175
h11,h0,176
h11,h1,177
h11,h2,178
h11,h3,179
h11,h4,180
h11,h5,181
h11,h6,182
h11,h7,183
h11,h8,184
h11,h9,185
h11,h10,186
h11,h12,188
h11,h13,189
h11,h14,190
h11,h15,191
h12,h0,192
h12,h1,193
h12,h2,194
h12,h3,195
h12,h4,196
h12,h5,197
h12,h6,198
h12,h7,199
h12,h8,200
h12,h9,201
h12,h10,202
h12,h11,203
h12,h13,205
h12,h14,206
h12,h15,207
h13,h0,208
h13,h1,209
h13,h2,210
h13,h3,211
h13,h4,212
h13,h5,213
h13,h6,214
h13,h7,215
h13,h8,216
h13,h9,217
h13,h10,218
h13,h11,219
h13,h12,220
h13,h14,222
h13,h15,223
h14,h0,224
h14,h1,225
h14,h2,226
h14,h3,227
h14,h4,228
h14,h5,229
h14,h6,230
h14,h7,231
h14,h8,232
h14,h9,233
h14,h10,234
h14,h11,235
h14,h12,236
h14,h13,237
h14,h15,239
h15,h0,240
h15,h1,241
h15,h2,242
h15,h3,243
h15,h4,244
h15,h5,245
h15,h6,246
h15,h7,247
h15,h8,248
h15,h9,249
h15,h10,250
h15,h11,251
h15,h12,252
h15,h13,253
h15,h14,254
